INSERT INTO jerarquia("id_jerarquia","nombre_jerarquia") VALUES (999999999999990,'TITULAR')
INSERT INTO jerarquia("id_jerarquia","nombre_jerarquia") VALUES (999999999999991,'ASOCIADO')
INSERT INTO jerarquia("id_jerarquia","nombre_jerarquia") VALUES (999999999999992,'ASISTENTE')
INSERT INTO jerarquia("id_jerarquia","nombre_jerarquia") VALUES (999999999999993,'INSTRUCTOR')
INSERT INTO jerarquia("id_jerarquia","nombre_jerarquia") VALUES (999999999999994,'AYUDANTE')
INSERT INTO jerarquia("id_jerarquia","nombre_jerarquia") VALUES (999999999999995,'ADJUNTO CATEGORÍA I')
INSERT INTO jerarquia("id_jerarquia","nombre_jerarquia") VALUES (999999999999996,'ADJUNTO CATEGORÍA II')
INSERT INTO jerarquia("id_jerarquia","nombre_jerarquia") VALUES (999999999999997,'INSTRUCTOR CATEGORÍA I')
INSERT INTO jerarquia("id_jerarquia","nombre_jerarquia") VALUES (999999999999998,'INSTRUCTOR CATEGORÍA II')
INSERT INTO jerarquia("id_jerarquia","nombre_jerarquia") VALUES (999999999999999,'AYUDANTE PROFESOR')

INSERT INTO grado_academico("id_grado_academico","nombre_grado_academico") VALUES (999999999999991,'DOCTOR')
INSERT INTO grado_academico("id_grado_academico","nombre_grado_academico") VALUES (999999999999992,'MAGISTER')
INSERT INTO grado_academico("id_grado_academico","nombre_grado_academico") VALUES (999999999999993,'LICENCIADO')
INSERT INTO grado_academico("id_grado_academico","nombre_grado_academico") VALUES (999999999999994,'TITULADO')

INSERT INTO contrato("id_contrato","nombre_contrato","horas_contrato","dependencia_asignaturas_contrato") VALUES (999999999999990,'POR JORNADA',45,FALSE)
INSERT INTO contrato("id_contrato","nombre_contrato","horas_contrato","dependencia_asignaturas_contrato") VALUES (999999999999991,'INVESTIGADORES ASOCIADOS',45,FALSE)
INSERT INTO contrato("id_contrato","nombre_contrato","horas_contrato","dependencia_asignaturas_contrato") VALUES (999999999999992,'PROFESORES POR HORA',0,TRUE)

INSERT INTO carrera("id_carrera","nombre_carrera") VALUES (999999999999991,'Ingeniería Civil Informática')
INSERT INTO carrera("id_carrera","nombre_carrera") VALUES (999999999999992,'Ingeniería de Ejecución en Computación e Informática')

INSERT INTO tipoasignatura("id_tipo_asignatura","nombre_tipo_asignatura") VALUES (999999999999991,'Asignatura profesional')
INSERT INTO tipoasignatura("id_tipo_asignatura","nombre_tipo_asignatura") VALUES (999999999999992,'Ciencia Básica')
INSERT INTO tipoasignatura("id_tipo_asignatura","nombre_tipo_asignatura") VALUES (999999999999993,'Ciencia Humana o de la economía o de la administración')
INSERT INTO tipoasignatura("id_tipo_asignatura","nombre_tipo_asignatura") VALUES (999999999999994,'Ciencia de la Ingeniería')


INSERT INTO instalacion("id_instalacion","nombre_instalacion") VALUES (999999999999988,'Laboratorios o sala de computación')
INSERT INTO instalacion("id_instalacion","nombre_instalacion") VALUES (999999999999989,'Salas multimedia')
INSERT INTO instalacion("id_instalacion","nombre_instalacion") VALUES (999999999999990,'Biblioteca')
INSERT INTO instalacion("id_instalacion","nombre_instalacion") VALUES (999999999999991,'Central de fotocopiado')
INSERT INTO instalacion("id_instalacion","nombre_instalacion") VALUES (999999999999992,'Salas de estudio')
INSERT INTO instalacion("id_instalacion","nombre_instalacion") VALUES (999999999999993,'Servicio médico para estudiantes')
INSERT INTO instalacion("id_instalacion","nombre_instalacion") VALUES (999999999999994,'Cafetería')
INSERT INTO instalacion("id_instalacion","nombre_instalacion") VALUES (999999999999995,'Casino')
INSERT INTO instalacion("id_instalacion","nombre_instalacion") VALUES (999999999999996,'Instalaciones deportivas')
INSERT INTO instalacion("id_instalacion","nombre_instalacion") VALUES (999999999999997,'Instalaciones recreativas')
INSERT INTO instalacion("id_instalacion","nombre_instalacion") VALUES (999999999999998,'Acceso a redes')
INSERT INTO instalacion("id_instalacion","nombre_instalacion") VALUES (999999999999999,'Otras')

INSERT INTO rol("id_rol","nombre") VALUES (1,'ADMINISTRADOR')
INSERT INTO rol("id_rol","nombre") VALUES (2,'COORDINADOR')
INSERT INTO rol("id_rol","nombre") VALUES (3,'COMITÉ')

INSERT INTO profesor("id_profesor","rut_profesor","anoretiro","ano_ingreso","apellido_mat","apellido_pat","titulo_profesor","nombre_profesor","vigente","unidad_profesor","comuna_profesor","informacion_completa_profesor") VALUES (999999999999991,'16360131-1',0,2012,'Jurado','Acosta','Ingeniero Civil Informático','Cristobal Alejandro',TRUE,'Departamento de Ingeniería Informática','Estación Central',TRUE)
INSERT INTO profesor("id_profesor","rut_profesor","anoretiro","ano_ingreso","apellido_mat","apellido_pat","titulo_profesor","nombre_profesor","vigente","unidad_profesor","comuna_profesor","informacion_completa_profesor") VALUES (999999999999992,'17021753-5',0,2013,'Castillo','Acuña','Ingeniero de Ejecución en Computación e Informática','Francisco Javier',TRUE,'Departamento de Ingeniería Informática','Estación Central',TRUE)
INSERT INTO profesor("id_profesor","rut_profesor","anoretiro","ano_ingreso","apellido_mat","apellido_pat","titulo_profesor","nombre_profesor","vigente","unidad_profesor","comuna_profesor","informacion_completa_profesor") VALUES (999999999999993,'11840309-6',0,2009,'Guzmán','Aguirre','Socióloga','Pamela Andrea',TRUE,'Departamento de Ingeniería Informática','Estación Central',TRUE)
INSERT INTO profesor("id_profesor","rut_profesor","anoretiro","ano_ingreso","apellido_mat","apellido_pat","titulo_profesor","nombre_profesor","vigente","unidad_profesor","comuna_profesor","informacion_completa_profesor") VALUES (999999999999994,'17021753-5',0,2011,'Reiher','Allende','Ingeniero Civil en Informática','José Luis',TRUE,'Departamento de Ingeniería Informática','Estación Central',TRUE)
INSERT INTO profesor("id_profesor","rut_profesor","anoretiro","ano_ingreso","apellido_mat","apellido_pat","titulo_profesor","nombre_profesor","vigente","unidad_profesor","comuna_profesor","informacion_completa_profesor") VALUES (999999999999995,'13693438-4',0,2008,'Cea','Álvarez','Ingeniero Civil Informático','Arturo César',TRUE,'Departamento de Ingeniería Informática','Estación Central',TRUE)
INSERT INTO profesor("id_profesor","rut_profesor","anoretiro","ano_ingreso","apellido_mat","apellido_pat","titulo_profesor","nombre_profesor","vigente","unidad_profesor","comuna_profesor","informacion_completa_profesor") VALUES (999999999999996,'6577645-5',0,2006,'Robles','Bello','Ingeniero Civil Informático','Felipe Andrés Hernán Patricio',TRUE,'Departamento de Ingeniería Informática','Estación Central',TRUE)
INSERT INTO profesor("id_profesor","rut_profesor","anoretiro","ano_ingreso","apellido_mat","apellido_pat","titulo_profesor","nombre_profesor","vigente","unidad_profesor","comuna_profesor","informacion_completa_profesor") VALUES (999999999999997,'14162240-4',0,2010,'Peña','Berríos','Ingeniero Civil Informático','Luis Eduardo',TRUE,'Departamento de Ingeniería Informática','Estación Central',TRUE)
INSERT INTO profesor("id_profesor","rut_profesor","anoretiro","ano_ingreso","apellido_mat","apellido_pat","titulo_profesor","nombre_profesor","vigente","unidad_profesor","comuna_profesor","informacion_completa_profesor") VALUES (999999999999998,'9218017-4',0,2001,'Gatica','Covarrubias','Profesora de Estado en Castellano','Eliana Berta',TRUE,'Departamento de Ingeniería Informática','Estación Central',TRUE)
INSERT INTO profesor("id_profesor","rut_profesor","anoretiro","ano_ingreso","apellido_mat","apellido_pat","titulo_profesor","nombre_profesor","vigente","unidad_profesor","comuna_profesor","informacion_completa_profesor") VALUES (999999999999999,'17565743-6',0,2014,'Sanchez','Flores','Licenciado en Ciencias de la Ingeniería','Victor Manuel',TRUE,'Departamento de Ingeniería Informática','Estación Central',TRUE)

INSERT INTO asignatura("id_asignatura","codigo","creditos_asignatura","cant_horas_presenciales","nombre_asignatura","semestre","carrera_id_carrera","tipo_asignatura_id_tipo_asignatura","jornada_asignatura","informacion_completa_asignatura") VALUES (9999999999999900,13201,8,8,'Métodos de Programación',3,999999999999991,999999999999994,'DIURNO',TRUE)
INSERT INTO asignatura("id_asignatura","codigo","creditos_asignatura","cant_horas_presenciales","nombre_asignatura","semestre","carrera_id_carrera","tipo_asignatura_id_tipo_asignatura","jornada_asignatura","informacion_completa_asignatura") VALUES (9999999999999901,13278,6,6,'Estructura de Computadores',4,999999999999991,999999999999994,'DIURNO',TRUE)
INSERT INTO asignatura("id_asignatura","codigo","creditos_asignatura","cant_horas_presenciales","nombre_asignatura","semestre","carrera_id_carrera","tipo_asignatura_id_tipo_asignatura","jornada_asignatura","informacion_completa_asignatura") VALUES (9999999999999902,13204,6,6,'Paradigmas de Programación',4,999999999999991,999999999999994,'DIURNO',TRUE)
INSERT INTO asignatura("id_asignatura","codigo","creditos_asignatura","cant_horas_presenciales","nombre_asignatura","semestre","carrera_id_carrera","tipo_asignatura_id_tipo_asignatura","jornada_asignatura","informacion_completa_asignatura") VALUES (9999999999999903,13305,6,5,'Análisis de Algoritmos y Estructura de Datos',4,999999999999991,999999999999994,'DIURNO',TRUE)
INSERT INTO asignatura("id_asignatura","codigo","creditos_asignatura","cant_horas_presenciales","nombre_asignatura","semestre","carrera_id_carrera","tipo_asignatura_id_tipo_asignatura","jornada_asignatura","informacion_completa_asignatura") VALUES (9999999999999904,13279,6,5,'Teoría de Sistemas',4,999999999999991,999999999999994,'DIURNO',TRUE)
INSERT INTO asignatura("id_asignatura","codigo","creditos_asignatura","cant_horas_presenciales","nombre_asignatura","semestre","carrera_id_carrera","tipo_asignatura_id_tipo_asignatura","jornada_asignatura","informacion_completa_asignatura") VALUES (9999999999999905,13280,6,5,'Diseño de Bases de Datos',5,999999999999991,999999999999991,'DIURNO',TRUE)
INSERT INTO asignatura("id_asignatura","codigo","creditos_asignatura","cant_horas_presenciales","nombre_asignatura","semestre","carrera_id_carrera","tipo_asignatura_id_tipo_asignatura","jornada_asignatura","informacion_completa_asignatura") VALUES (9999999999999906,13281,6,6,'Organización de Computadores',5,999999999999991,999999999999994,'DIURNO',TRUE)
INSERT INTO asignatura("id_asignatura","codigo","creditos_asignatura","cant_horas_presenciales","nombre_asignatura","semestre","carrera_id_carrera","tipo_asignatura_id_tipo_asignatura","jornada_asignatura","informacion_completa_asignatura") VALUES (9999999999999907,13209,6,5,'Fundamentos de Ingeniería de Software',5,999999999999991,999999999999991,'DIURNO',TRUE)
INSERT INTO asignatura("id_asignatura","codigo","creditos_asignatura","cant_horas_presenciales","nombre_asignatura","semestre","carrera_id_carrera","tipo_asignatura_id_tipo_asignatura","jornada_asignatura","informacion_completa_asignatura") VALUES (9999999999999908,13212,8,7,'Sistemas Operativos',6,999999999999991,999999999999991,'DIURNO',TRUE)
INSERT INTO asignatura("id_asignatura","codigo","creditos_asignatura","cant_horas_presenciales","nombre_asignatura","semestre","carrera_id_carrera","tipo_asignatura_id_tipo_asignatura","jornada_asignatura","informacion_completa_asignatura") VALUES (9999999999999909,13215,6,6,'Taller de Bases de Datos',6,999999999999991,999999999999991,'DIURNO',TRUE)
INSERT INTO asignatura("id_asignatura","codigo","creditos_asignatura","cant_horas_presenciales","nombre_asignatura","semestre","carrera_id_carrera","tipo_asignatura_id_tipo_asignatura","jornada_asignatura","informacion_completa_asignatura") VALUES (9999999999999910,13220,6,5,'Métodos de Ingeniería de Software',6,999999999999991,999999999999991,'DIURNO',TRUE)
INSERT INTO asignatura("id_asignatura","codigo","creditos_asignatura","cant_horas_presenciales","nombre_asignatura","semestre","carrera_id_carrera","tipo_asignatura_id_tipo_asignatura","jornada_asignatura","informacion_completa_asignatura") VALUES (9999999999999911,13225,8,8,'Administración de Proyectos de Software',8,999999999999991,999999999999991,'DIURNO',TRUE)
INSERT INTO asignatura("id_asignatura","codigo","creditos_asignatura","cant_horas_presenciales","nombre_asignatura","semestre","carrera_id_carrera","tipo_asignatura_id_tipo_asignatura","jornada_asignatura","informacion_completa_asignatura") VALUES (9999999999999912,13201,8,8,'Métodos de Programación',3,999999999999992,999999999999994,'DIURNO',TRUE)
INSERT INTO asignatura("id_asignatura","codigo","creditos_asignatura","cant_horas_presenciales","nombre_asignatura","semestre","carrera_id_carrera","tipo_asignatura_id_tipo_asignatura","jornada_asignatura","informacion_completa_asignatura") VALUES (9999999999999913,13273,6,6,'Estructura de Computadores',4,999999999999992,999999999999994,'DIURNO',TRUE)
INSERT INTO asignatura("id_asignatura","codigo","creditos_asignatura","cant_horas_presenciales","nombre_asignatura","semestre","carrera_id_carrera","tipo_asignatura_id_tipo_asignatura","jornada_asignatura","informacion_completa_asignatura") VALUES (9999999999999914,13204,6,6,'Paradigmas de Programación',4,999999999999992,999999999999994,'DIURNO',TRUE)
INSERT INTO asignatura("id_asignatura","codigo","creditos_asignatura","cant_horas_presenciales","nombre_asignatura","semestre","carrera_id_carrera","tipo_asignatura_id_tipo_asignatura","jornada_asignatura","informacion_completa_asignatura") VALUES (9999999999999915,13305,6,5,'Análisis de Algoritmos y Estructura de Datos',4,999999999999992,999999999999994,'DIURNO',TRUE)
INSERT INTO asignatura("id_asignatura","codigo","creditos_asignatura","cant_horas_presenciales","nombre_asignatura","semestre","carrera_id_carrera","tipo_asignatura_id_tipo_asignatura","jornada_asignatura","informacion_completa_asignatura") VALUES (9999999999999916,13252,6,5,'Ingeniería de Sistemas',4,999999999999992,999999999999994,'DIURNO',TRUE)
INSERT INTO asignatura("id_asignatura","codigo","creditos_asignatura","cant_horas_presenciales","nombre_asignatura","semestre","carrera_id_carrera","tipo_asignatura_id_tipo_asignatura","jornada_asignatura","informacion_completa_asignatura") VALUES (9999999999999917,13274,6,5,'Diseño de Bases de Datos',5,999999999999992,999999999999991,'DIURNO',TRUE)
INSERT INTO asignatura("id_asignatura","codigo","creditos_asignatura","cant_horas_presenciales","nombre_asignatura","semestre","carrera_id_carrera","tipo_asignatura_id_tipo_asignatura","jornada_asignatura","informacion_completa_asignatura") VALUES (9999999999999918,13275,6,6,'Organización de Computadores',5,999999999999992,999999999999994,'DIURNO',TRUE)
INSERT INTO asignatura("id_asignatura","codigo","creditos_asignatura","cant_horas_presenciales","nombre_asignatura","semestre","carrera_id_carrera","tipo_asignatura_id_tipo_asignatura","jornada_asignatura","informacion_completa_asignatura") VALUES (9999999999999919,13209,6,5,'Fundamentos de Ingeniería de Software',5,999999999999992,999999999999991,'DIURNO',TRUE)
INSERT INTO asignatura("id_asignatura","codigo","creditos_asignatura","cant_horas_presenciales","nombre_asignatura","semestre","carrera_id_carrera","tipo_asignatura_id_tipo_asignatura","jornada_asignatura","informacion_completa_asignatura") VALUES (9999999999999920,13212,8,7,'Sistemas Operativos',6,999999999999992,999999999999991,'DIURNO',TRUE)
INSERT INTO asignatura("id_asignatura","codigo","creditos_asignatura","cant_horas_presenciales","nombre_asignatura","semestre","carrera_id_carrera","tipo_asignatura_id_tipo_asignatura","jornada_asignatura","informacion_completa_asignatura") VALUES (9999999999999921,13215,6,6,'Taller de Bases de Datos',6,999999999999992,999999999999991,'DIURNO',TRUE)
INSERT INTO asignatura("id_asignatura","codigo","creditos_asignatura","cant_horas_presenciales","nombre_asignatura","semestre","carrera_id_carrera","tipo_asignatura_id_tipo_asignatura","jornada_asignatura","informacion_completa_asignatura") VALUES (9999999999999922,13265,6,5,'Técnicas de Ingeniería de Software',7,999999999999992,999999999999991,'DIURNO',TRUE)
INSERT INTO asignatura("id_asignatura","codigo","creditos_asignatura","cant_horas_presenciales","nombre_asignatura","semestre","carrera_id_carrera","tipo_asignatura_id_tipo_asignatura","jornada_asignatura","informacion_completa_asignatura") VALUES (9999999999999923,13262,8,8,'Administración y Gestión Informática',6,999999999999992,999999999999991,'DIURNO',TRUE)
INSERT INTO asignatura("id_asignatura","codigo","creditos_asignatura","cant_horas_presenciales","nombre_asignatura","semestre","carrera_id_carrera","tipo_asignatura_id_tipo_asignatura","jornada_asignatura","informacion_completa_asignatura") VALUES (9999999999999924,13214,3,4,'Antropología e Ingeniería',6,999999999999991,999999999999993,'DIURNO',TRUE)
INSERT INTO asignatura("id_asignatura","codigo","creditos_asignatura","cant_horas_presenciales","nombre_asignatura","semestre","carrera_id_carrera","tipo_asignatura_id_tipo_asignatura","jornada_asignatura","informacion_completa_asignatura") VALUES (9999999999999925,13031,3,4,'Electivo profesional I',6,999999999999991,999999999999993,'DIURNO',TRUE)
INSERT INTO asignatura("id_asignatura","codigo","creditos_asignatura","cant_horas_presenciales","nombre_asignatura","semestre","carrera_id_carrera","tipo_asignatura_id_tipo_asignatura","jornada_asignatura","informacion_completa_asignatura") VALUES (9999999999999926,13033,3,4,'Electivo profesional II',6,999999999999991,999999999999993,'DIURNO',TRUE)
INSERT INTO asignatura("id_asignatura","codigo","creditos_asignatura","cant_horas_presenciales","nombre_asignatura","semestre","carrera_id_carrera","tipo_asignatura_id_tipo_asignatura","jornada_asignatura","informacion_completa_asignatura") VALUES (9999999999999927,13034,3,4,'Electivo profesional III',6,999999999999991,999999999999993,'DIURNO',TRUE)
INSERT INTO asignatura("id_asignatura","codigo","creditos_asignatura","cant_horas_presenciales","nombre_asignatura","semestre","carrera_id_carrera","tipo_asignatura_id_tipo_asignatura","jornada_asignatura","informacion_completa_asignatura") VALUES (9999999999999928,13035,3,4,'Electivo profesional IV',6,999999999999991,999999999999993,'DIURNO',TRUE)
INSERT INTO asignatura("id_asignatura","codigo","creditos_asignatura","cant_horas_presenciales","nombre_asignatura","semestre","carrera_id_carrera","tipo_asignatura_id_tipo_asignatura","jornada_asignatura","informacion_completa_asignatura") VALUES (9999999999999929,9062,3,4,'Epistemología',6,999999999999991,999999999999993,'VESPERTINO',TRUE)
INSERT INTO asignatura("id_asignatura","codigo","creditos_asignatura","cant_horas_presenciales","nombre_asignatura","semestre","carrera_id_carrera","tipo_asignatura_id_tipo_asignatura","jornada_asignatura","informacion_completa_asignatura") VALUES (9999999999999930,10015,3,4,'Antropología e Ingeniería',6,999999999999991,999999999999993,'DIURNO',TRUE)
INSERT INTO asignatura("id_asignatura","codigo","creditos_asignatura","cant_horas_presenciales","nombre_asignatura","semestre","carrera_id_carrera","tipo_asignatura_id_tipo_asignatura","jornada_asignatura","informacion_completa_asignatura") VALUES (9999999999999931,13038,3,4,'Electivo profesional VI',6,999999999999991,999999999999993,'DIURNO',TRUE)
INSERT INTO asignatura("id_asignatura","codigo","creditos_asignatura","cant_horas_presenciales","nombre_asignatura","semestre","carrera_id_carrera","tipo_asignatura_id_tipo_asignatura","jornada_asignatura","informacion_completa_asignatura") VALUES (9999999999999932,10067,3,4,'Epistemología',6,999999999999992,999999999999993,'VESPERTINO',TRUE)
INSERT INTO asignatura("id_asignatura","codigo","creditos_asignatura","cant_horas_presenciales","nombre_asignatura","semestre","carrera_id_carrera","tipo_asignatura_id_tipo_asignatura","jornada_asignatura","informacion_completa_asignatura") VALUES (9999999999999933,13039,3,4,'Seminario de titulación',6,999999999999991,999999999999993,'DIURNO',TRUE)
INSERT INTO asignatura("id_asignatura","codigo","creditos_asignatura","cant_horas_presenciales","nombre_asignatura","semestre","carrera_id_carrera","tipo_asignatura_id_tipo_asignatura","jornada_asignatura","informacion_completa_asignatura") VALUES (9999999999999934,9059,3,4,'Taller de manejo y desarrollo de habilidades interpersonales',6,999999999999991,999999999999993,'DIURNO',TRUE)
INSERT INTO asignatura("id_asignatura","codigo","creditos_asignatura","cant_horas_presenciales","nombre_asignatura","semestre","carrera_id_carrera","tipo_asignatura_id_tipo_asignatura","jornada_asignatura","informacion_completa_asignatura") VALUES (9999999999999935,10064,3,4,'Taller de manejo de desarrollo de habilidades interpersonales',6,999999999999991,999999999999993,'DIURNO',TRUE)
INSERT INTO asignatura("id_asignatura","codigo","creditos_asignatura","cant_horas_presenciales","nombre_asignatura","semestre","carrera_id_carrera","tipo_asignatura_id_tipo_asignatura","jornada_asignatura","informacion_completa_asignatura") VALUES (9999999999999936,13029,3,4,'Comportamiento humano en el trabajo - Informático',6,999999999999991,999999999999993,'DIURNO',TRUE)

INSERT INTO usuario("rut_usuario","activo","nombre_usuario","uid","user_password","rol_nombre") VALUES ('18210538-4',TRUE,'vasco.vergara@usach.cl',999999999999998,'57dd2cb1028bc30b68ec9d5e835901fb55194951af6bb87846c9c7c23a8d538c',1)
INSERT INTO usuario("rut_usuario","activo","nombre_usuario","uid","user_password","rol_nombre") VALUES ('5166831-6',TRUE,'monica.villanueva@usach.cl',999999999999999,'57dd2cb1028bc30b68ec9d5e835901fb55194951af6bb87846c9c7c23a8d538c',1)
