INSERT INTO jerarquia("id_jerarquia","nombre_jerarquia") VALUES (1001,'TITULAR')
INSERT INTO jerarquia("id_jerarquia","nombre_jerarquia") VALUES (1002,'ASOCIADO')
INSERT INTO jerarquia("id_jerarquia","nombre_jerarquia") VALUES (1003,'ASISTENTE')
INSERT INTO jerarquia("id_jerarquia","nombre_jerarquia") VALUES (1004,'INSTRUCTOR')
INSERT INTO jerarquia("id_jerarquia","nombre_jerarquia") VALUES (1005,'AYUDANTE')
INSERT INTO jerarquia("id_jerarquia","nombre_jerarquia") VALUES (1006,'ADJUNTO CATEGORÍA I')
INSERT INTO jerarquia("id_jerarquia","nombre_jerarquia") VALUES (1007,'ADJUNTO CATEGORÍA II')
INSERT INTO jerarquia("id_jerarquia","nombre_jerarquia") VALUES (1008,'INSTRUCTOR CATEGORÍA I')
INSERT INTO jerarquia("id_jerarquia","nombre_jerarquia") VALUES (1009,'INSTRUCTOR CATEGORÍA II')
INSERT INTO jerarquia("id_jerarquia","nombre_jerarquia") VALUES (1010,'AYUDANTE PROFESOR')

INSERT INTO grado_academico("id_grado_academico","nombre_grado_academico") VALUES (1001,'DOCTOR')
INSERT INTO grado_academico("id_grado_academico","nombre_grado_academico") VALUES (1002,'MAGISTER')
INSERT INTO grado_academico("id_grado_academico","nombre_grado_academico") VALUES (1003,'LICENCIADO')
INSERT INTO grado_academico("id_grado_academico","nombre_grado_academico") VALUES (1004,'TITULADO')

INSERT INTO carrera("id_carrera","nombre_carrera") VALUES (1001,'Ingeniería Civil Informática')
INSERT INTO carrera("id_carrera","nombre_carrera") VALUES (1002,'Ingeniería de Ejecución en Computación e Informática')

INSERT INTO tipoasignatura("id_tipo_asignatura","nombre_tipo_asignatura") VALUES (101,'Asignatura profesional')
INSERT INTO tipoasignatura("id_tipo_asignatura","nombre_tipo_asignatura") VALUES (102,'Ciencia Básica')
INSERT INTO tipoasignatura("id_tipo_asignatura","nombre_tipo_asignatura") VALUES (103,'Ciencia Humana o de la economía o de la administración')
INSERT INTO tipoasignatura("id_tipo_asignatura","nombre_tipo_asignatura") VALUES (104,'Ciencia de la Ingeniería')


INSERT INTO instalacion("id_instalacion","nombre_instalacion") VALUES (100,'Laboratorios o sala de computación')
INSERT INTO instalacion("id_instalacion","nombre_instalacion") VALUES (101,'Salas multimedia')
INSERT INTO instalacion("id_instalacion","nombre_instalacion") VALUES (102,'Biblioteca')
INSERT INTO instalacion("id_instalacion","nombre_instalacion") VALUES (103,'Central de fotocopiado')
INSERT INTO instalacion("id_instalacion","nombre_instalacion") VALUES (104,'Salas de estudio')
INSERT INTO instalacion("id_instalacion","nombre_instalacion") VALUES (105,'Servicio médico para estudiantes')
INSERT INTO instalacion("id_instalacion","nombre_instalacion") VALUES (106,'Cafetería')
INSERT INTO instalacion("id_instalacion","nombre_instalacion") VALUES (107,'Casino')
INSERT INTO instalacion("id_instalacion","nombre_instalacion") VALUES (108,'Instalaciones deportivas')
INSERT INTO instalacion("id_instalacion","nombre_instalacion") VALUES (109,'Instalaciones recreativas')
INSERT INTO instalacion("id_instalacion","nombre_instalacion") VALUES (110,'Acceso a redes')
INSERT INTO instalacion("id_instalacion","nombre_instalacion") VALUES (111,'Otras')

INSERT INTO rol("id_rol","nombre") VALUES (1,'ADMINISTRADOR')
INSERT INTO rol("id_rol","nombre") VALUES (2,'COORDINADOR')
INSERT INTO rol("id_rol","nombre") VALUES (3,'COMITÉ')

INSERT INTO profesor("id_profesor","rut_profesor","anoretiro","ano_ingreso","apellido_mat","apellido_pat","titulo_profesor","contrato","dedicacion_contratada","nombre_profesor","vigente","unidad_profesor","comuna_profesor","diurno_vespertino","grado_id_grado_academico","jerarquia_id_jerarquia") VALUES (99901,'16360131-1',0,2012,'Jurado','Acosta','Ingeniero Civil Informático','PROFESORES POR HORA',0,'Cristobal Alejandro',TRUE,'Departamento de Ingeniería Informática','Estación Central','DIURNO',1002,1008)
INSERT INTO profesor("id_profesor","rut_profesor","anoretiro","ano_ingreso","apellido_mat","apellido_pat","titulo_profesor","contrato","dedicacion_contratada","nombre_profesor","vigente","unidad_profesor","comuna_profesor","diurno_vespertino","grado_id_grado_academico","jerarquia_id_jerarquia") VALUES (99902,'17021753-5',0,2013,'Castillo','Acuña','Ingeniero de Ejecución en Computación e Informática','PROFESORES POR HORA',0,'Francisco Javier',TRUE,'Departamento de Ingeniería Informática','Estación Central','DIURNO',1004,1009)
INSERT INTO profesor("id_profesor","rut_profesor","anoretiro","ano_ingreso","apellido_mat","apellido_pat","titulo_profesor","contrato","dedicacion_contratada","nombre_profesor","vigente","unidad_profesor","comuna_profesor","diurno_vespertino","grado_id_grado_academico","jerarquia_id_jerarquia") VALUES (99903,'11840309-6',0,2009,'Guzmán','Aguirre','Socióloga','PROFESORES POR HORA',0,'Pamela Andrea',TRUE,'Departamento de Ingeniería Informática','Estación Central','DIURNO',1003,1006)
INSERT INTO profesor("id_profesor","rut_profesor","anoretiro","ano_ingreso","apellido_mat","apellido_pat","titulo_profesor","contrato","dedicacion_contratada","nombre_profesor","vigente","unidad_profesor","comuna_profesor","diurno_vespertino","grado_id_grado_academico","jerarquia_id_jerarquia") VALUES (99904,'11840309-6',0,2009,'Guzmán','Aguirre','Socióloga','PROFESORES POR HORA',0,'Pamela Andrea',TRUE,'Departamento de Ingeniería Informática','Estación Central','VESPERTINO',1003,1006)
INSERT INTO profesor("id_profesor","rut_profesor","anoretiro","ano_ingreso","apellido_mat","apellido_pat","titulo_profesor","contrato","dedicacion_contratada","nombre_profesor","vigente","unidad_profesor","comuna_profesor","diurno_vespertino","grado_id_grado_academico","jerarquia_id_jerarquia") VALUES (99905,'17021753-5',0,2011,'Reiher','Allende','Ingeniero Civil en Informática','PROFESORES POR HORA',0,'José Luis',TRUE,'Departamento de Ingeniería Informática','Estación Central','DIURNO',1003,1008)
INSERT INTO profesor("id_profesor","rut_profesor","anoretiro","ano_ingreso","apellido_mat","apellido_pat","titulo_profesor","contrato","dedicacion_contratada","nombre_profesor","vigente","unidad_profesor","comuna_profesor","diurno_vespertino","grado_id_grado_academico","jerarquia_id_jerarquia") VALUES (99906,'13693438-4',0,2008,'Cea','Álvarez','Ingeniero Civil Informático','PROFESORES POR HORA',0,'Arturo César',TRUE,'Departamento de Ingeniería Informática','Estación Central','DIURNO',1003,1008)
INSERT INTO profesor("id_profesor","rut_profesor","anoretiro","ano_ingreso","apellido_mat","apellido_pat","titulo_profesor","contrato","dedicacion_contratada","nombre_profesor","vigente","unidad_profesor","comuna_profesor","diurno_vespertino","grado_id_grado_academico","jerarquia_id_jerarquia") VALUES (99907,'17705959-5',0,2015,'Ferrada','Arismendi','Licenciatura en Ciencias de la Ingeniería','PROFESORES POR HORA',0,'Andrés Cristian',TRUE,'Departamento de Ingeniería Informática','Estación Central','VESPERTINO',1003,1010)
INSERT INTO profesor("id_profesor","rut_profesor","anoretiro","ano_ingreso","apellido_mat","apellido_pat","titulo_profesor","contrato","dedicacion_contratada","nombre_profesor","vigente","unidad_profesor","comuna_profesor","diurno_vespertino","grado_id_grado_academico","jerarquia_id_jerarquia") VALUES (99908,'6577645-5',0,2006,'Robles','Bello','Ingeniero Civil Informático','PROFESORES POR HORA',0,'Felipe Andrés Hernán Patricio',TRUE,'Departamento de Ingeniería Informática','Estación Central','DIURNO',1002,1007)
INSERT INTO profesor("id_profesor","rut_profesor","anoretiro","ano_ingreso","apellido_mat","apellido_pat","titulo_profesor","contrato","dedicacion_contratada","nombre_profesor","vigente","unidad_profesor","comuna_profesor","diurno_vespertino","grado_id_grado_academico","jerarquia_id_jerarquia") VALUES (99909,'14162240-4',0,2010,'Peña','Berríos','Ingeniero Civil Informático','PROFESORES POR HORA',0,'Luis Eduardo',TRUE,'Departamento de Ingeniería Informática','Estación Central','DIURNO',1002,1009)
INSERT INTO profesor("id_profesor","rut_profesor","anoretiro","ano_ingreso","apellido_mat","apellido_pat","titulo_profesor","contrato","dedicacion_contratada","nombre_profesor","vigente","unidad_profesor","comuna_profesor","diurno_vespertino","grado_id_grado_academico","jerarquia_id_jerarquia") VALUES (99910,'9218017-4',0,2001,'Covarrubias','Gatica','Profesora de Estado en Castellano','PROFESORES POR HORA',0,'Eliana Berta',TRUE,'Departamento de Ingeniería Informática','Estación Central','DIURNO',1001,1006)
INSERT INTO profesor("id_profesor","rut_profesor","anoretiro","ano_ingreso","apellido_mat","apellido_pat","titulo_profesor","contrato","dedicacion_contratada","nombre_profesor","vigente","unidad_profesor","comuna_profesor","diurno_vespertino","grado_id_grado_academico","jerarquia_id_jerarquia") VALUES (99911,'9218017-4',0,2001,'Covarrubias','Gatica','Profesora de Estado en Castellano','PROFESORES POR HORA',0,'Eliana Berta',TRUE,'Departamento de Ingeniería Informática','Estación Central','VESPERTINO',1001,1006)
INSERT INTO profesor("id_profesor","rut_profesor","anoretiro","ano_ingreso","apellido_mat","apellido_pat","titulo_profesor","contrato","dedicacion_contratada","nombre_profesor","vigente","unidad_profesor","comuna_profesor","diurno_vespertino","grado_id_grado_academico","jerarquia_id_jerarquia") VALUES (99912,'17565743-6',0,2014,'Sanchez','Flores','Licenciado en Ciencias de la Ingeniería','PROFESORES POR HORA',0,'Victor Manuel',TRUE,'Departamento de Ingeniería Informática','Estación Central','DIURNO',1003,1007)
INSERT INTO profesor("id_profesor","rut_profesor","anoretiro","ano_ingreso","apellido_mat","apellido_pat","titulo_profesor","contrato","dedicacion_contratada","nombre_profesor","vigente","unidad_profesor","comuna_profesor","diurno_vespertino","grado_id_grado_academico","jerarquia_id_jerarquia") VALUES (99913,'9674297-5',0,2001,'Valencia','Jara','Ingeniero Civil en Informática','POR JORNADA',45,'Jose Luís',TRUE,'Departamento de Ingeniería Informática','Estación Central','VESPERTINO',1001,1003)

INSERT INTO asignatura("id_asignatura","codigo","creditos_asignatura","cant_horas_presenciales","nombre_asignatura","semestre","carrera_id_carrera","tipo_asignatura_id_tipo_asignatura") VALUES (99900,13201,8,8,'Métodos de Programación',3,1001,104)
INSERT INTO asignatura("id_asignatura","codigo","creditos_asignatura","cant_horas_presenciales","nombre_asignatura","semestre","carrera_id_carrera","tipo_asignatura_id_tipo_asignatura") VALUES (99901,13278,6,6,'Estructura de Computadores',4,1001,104)
INSERT INTO asignatura("id_asignatura","codigo","creditos_asignatura","cant_horas_presenciales","nombre_asignatura","semestre","carrera_id_carrera","tipo_asignatura_id_tipo_asignatura") VALUES (99902,13204,6,6,'Paradigmas de Programación',4,1001,104)
INSERT INTO asignatura("id_asignatura","codigo","creditos_asignatura","cant_horas_presenciales","nombre_asignatura","semestre","carrera_id_carrera","tipo_asignatura_id_tipo_asignatura") VALUES (99903,13305,6,5,'Análisis de Algoritmos y Estructura de Datos',4,1001,104)
INSERT INTO asignatura("id_asignatura","codigo","creditos_asignatura","cant_horas_presenciales","nombre_asignatura","semestre","carrera_id_carrera","tipo_asignatura_id_tipo_asignatura") VALUES (99904,13279,6,5,'Teoría de Sistemas',4,1001,104)
INSERT INTO asignatura("id_asignatura","codigo","creditos_asignatura","cant_horas_presenciales","nombre_asignatura","semestre","carrera_id_carrera","tipo_asignatura_id_tipo_asignatura") VALUES (99905,13280,6,5,'Diseño de Bases de Datos',5,1001,101)
INSERT INTO asignatura("id_asignatura","codigo","creditos_asignatura","cant_horas_presenciales","nombre_asignatura","semestre","carrera_id_carrera","tipo_asignatura_id_tipo_asignatura") VALUES (99906,13281,6,6,'Organización de Computadores',5,1001,104)
INSERT INTO asignatura("id_asignatura","codigo","creditos_asignatura","cant_horas_presenciales","nombre_asignatura","semestre","carrera_id_carrera","tipo_asignatura_id_tipo_asignatura") VALUES (99907,13209,6,5,'Fundamentos de Ingeniería de Software',5,1001,101)
INSERT INTO asignatura("id_asignatura","codigo","creditos_asignatura","cant_horas_presenciales","nombre_asignatura","semestre","carrera_id_carrera","tipo_asignatura_id_tipo_asignatura") VALUES (99908,13212,8,7,'Sistemas Operativos',6,1001,101)
INSERT INTO asignatura("id_asignatura","codigo","creditos_asignatura","cant_horas_presenciales","nombre_asignatura","semestre","carrera_id_carrera","tipo_asignatura_id_tipo_asignatura") VALUES (99909,13215,6,6,'Taller de Bases de Datos',6,1001,101)
INSERT INTO asignatura("id_asignatura","codigo","creditos_asignatura","cant_horas_presenciales","nombre_asignatura","semestre","carrera_id_carrera","tipo_asignatura_id_tipo_asignatura") VALUES (99910,13220,6,5,'Métodos de Ingeniería de Software',6,1001,101)
INSERT INTO asignatura("id_asignatura","codigo","creditos_asignatura","cant_horas_presenciales","nombre_asignatura","semestre","carrera_id_carrera","tipo_asignatura_id_tipo_asignatura") VALUES (99911,13225,8,8,'Administración de Proyectos de Software',8,1001,101)
INSERT INTO asignatura("id_asignatura","codigo","creditos_asignatura","cant_horas_presenciales","nombre_asignatura","semestre","carrera_id_carrera","tipo_asignatura_id_tipo_asignatura") VALUES (99912,13201,8,8,'Métodos de Programación',3,1002,104)
INSERT INTO asignatura("id_asignatura","codigo","creditos_asignatura","cant_horas_presenciales","nombre_asignatura","semestre","carrera_id_carrera","tipo_asignatura_id_tipo_asignatura") VALUES (99913,13273,6,6,'Estructura de Computadores',4,1002,104)
INSERT INTO asignatura("id_asignatura","codigo","creditos_asignatura","cant_horas_presenciales","nombre_asignatura","semestre","carrera_id_carrera","tipo_asignatura_id_tipo_asignatura") VALUES (99914,13204,6,6,'Paradigmas de Programación',4,1002,104)
INSERT INTO asignatura("id_asignatura","codigo","creditos_asignatura","cant_horas_presenciales","nombre_asignatura","semestre","carrera_id_carrera","tipo_asignatura_id_tipo_asignatura") VALUES (99915,13305,6,5,'Análisis de Algoritmos y Estructura de Datos',4,1002,104)
INSERT INTO asignatura("id_asignatura","codigo","creditos_asignatura","cant_horas_presenciales","nombre_asignatura","semestre","carrera_id_carrera","tipo_asignatura_id_tipo_asignatura") VALUES (99916,13252,6,5,'Ingeniería de Sistemas',4,1002,104)
INSERT INTO asignatura("id_asignatura","codigo","creditos_asignatura","cant_horas_presenciales","nombre_asignatura","semestre","carrera_id_carrera","tipo_asignatura_id_tipo_asignatura") VALUES (99917,13274,6,5,'Diseño de Bases de Datos',5,1002,101)
INSERT INTO asignatura("id_asignatura","codigo","creditos_asignatura","cant_horas_presenciales","nombre_asignatura","semestre","carrera_id_carrera","tipo_asignatura_id_tipo_asignatura") VALUES (99918,13275,6,6,'Organización de Computadores',5,1002,104)
INSERT INTO asignatura("id_asignatura","codigo","creditos_asignatura","cant_horas_presenciales","nombre_asignatura","semestre","carrera_id_carrera","tipo_asignatura_id_tipo_asignatura") VALUES (99919,13209,6,5,'Fundamentos de Ingeniería de Software',5,1002,101)
INSERT INTO asignatura("id_asignatura","codigo","creditos_asignatura","cant_horas_presenciales","nombre_asignatura","semestre","carrera_id_carrera","tipo_asignatura_id_tipo_asignatura") VALUES (99920,13212,8,7,'Sistemas Operativos',6,1002,101)
INSERT INTO asignatura("id_asignatura","codigo","creditos_asignatura","cant_horas_presenciales","nombre_asignatura","semestre","carrera_id_carrera","tipo_asignatura_id_tipo_asignatura") VALUES (99921,13215,6,6,'Taller de Bases de Datos',6,1002,101)
INSERT INTO asignatura("id_asignatura","codigo","creditos_asignatura","cant_horas_presenciales","nombre_asignatura","semestre","carrera_id_carrera","tipo_asignatura_id_tipo_asignatura") VALUES (99922,13265,6,5,'Técnicas de Ingeniería de Software',7,1002,101)
INSERT INTO asignatura("id_asignatura","codigo","creditos_asignatura","cant_horas_presenciales","nombre_asignatura","semestre","carrera_id_carrera","tipo_asignatura_id_tipo_asignatura") VALUES (99923,13262,8,8,'Administración y Gestión Informática',6,1002,101)
INSERT INTO asignatura("id_asignatura","codigo","creditos_asignatura","cant_horas_presenciales","nombre_asignatura","semestre","carrera_id_carrera","tipo_asignatura_id_tipo_asignatura") VALUES (99924,13214,3,4,'Antropología e Ingeniería',6,1001,103)

INSERT INTO usuario("rut_usuario","activo","nombre_usuario","uid","user_password","rol_nombre") VALUES ('18210538-4',TRUE,'vasco.vergara@usach.cl',9998,'57dd2cb1028bc30b68ec9d5e835901fb55194951af6bb87846c9c7c23a8d538c',1)
INSERT INTO usuario("rut_usuario","activo","nombre_usuario","uid","user_password","rol_nombre") VALUES ('5166831-6',TRUE,'monica.villanueva@usach.cl',9999,'57dd2cb1028bc30b68ec9d5e835901fb55194951af6bb87846c9c7c23a8d538c',1)
